"0_created_time","0_id","0_likes_summary_can_like","0_likes_summary_has_liked","0_likes_summary_total_count","0_link","0_message","0_name","0_shares_count","0_stat_facebook_insight_comment_count","0_stat_facebook_insight_share_count","0_stat_slideshare_insight_author_id","0_stat_slideshare_insight_author_title","0_stat_slideshare_insight_author_type","0_stat_slideshare_insight_author_url","0_stat_slideshare_insight_category","0_stat_slideshare_insight_comment_count","0_stat_slideshare_insight_created_at","0_stat_slideshare_insight_download_count","0_stat_slideshare_insight_embed_count","0_stat_slideshare_insight_favorites_count","0_stat_slideshare_insight_featured_on","0_stat_slideshare_insight_published","0_stat_slideshare_insight_updated_at","0_stat_slideshare_insight_view_count"
"2016-07-17T07:53:00+0000","1502894619932654_1812520685636711","False","False","9","http://www.slideshare.net/tw_dsconf/ss-64092976","http://www.slideshare.net/tw_dsconf/ss-64092976 

專題演講/許懷中/娛樂產業中的資料科學家 : 談資料科學於線上遊戲與職業運動之應用

許懷中博士 2011 年於國立交通大學資訊科學與工程學系取得博士學位，現任職中央研究院資訊科學研究所博士後研究員；他的研究興趣廣泛，包含巨量資料分析與架構、生心理量測、網路遊戲、雲端計算以及軟體工程。

許博士為具備豐富實務經驗的學術研究者，以其獨特的 know-how 與洞察力由產業界的巨量高維資料挖掘埋藏其中的價值；此外，許博士近年也致力於國內資料人才的培養，曾為資策會、外貿協會等單位教授 R 語言與資料分析以及創意訓練等相關課程，頗受好評。","許懷中/娛樂產業中的資料科學家 : 談資料科學於線上遊戲與職業運動之應用","","0","11","748641158535005","台灣資料科學愛好者年會","slideshare:author","http://www.slideshare.net/tw_dsconf","Data & Analytics","0","2016-07-17 04:23:59 UTC","12","0","1","","2016-07-17T04:23:59+0000","2016-07-17 04:26:16 UTC","226"
"2016-07-17T07:48:00+0000","1502894619932654_1812519452303501","False","False","49","http://www.slideshare.net/tw_dsconf/r-r-64092963","http://www.slideshare.net/tw_dsconf/r-r-64092963 

專題演講/吳齊軒/漫談 R 的學習挑戰與 R 語言翻轉教室

國立臺灣大學電機所博士生，平時致力於推廣 R 語言，曾主辦多場 R 語言推廣講座，並經常於 Taiwan R User Group 分享 R 的使用心得。有豐富的 R 語言實務經驗，包含資料的收集、整理、分析到報告製作。擅長根據專案需求，量身打造 R 的資料分析系統，以及運用 R 和 C++ 撰寫高效能演算法。","吳齊軒/漫談 R 的學習挑戰與 R 語言翻轉教室","8","0","52","748641158535005","台灣資料科學愛好者年會","slideshare:author","http://www.slideshare.net/tw_dsconf","Data & Analytics","0","2016-07-17 04:20:45 UTC","32","1","3","","2016-07-17T04:20:45+0000","2016-07-17 04:20:56 UTC","426"
"2016-07-17T07:47:00+0000","1502894619932654_1812521852303261","False","False","12","http://www.slideshare.net/tw_dsconf/ss-64093015","http://www.slideshare.net/tw_dsconf/ss-64093015 

專題演講/徐承原/空間數據分析推動精準新農業

畢業於臺大地理研究所，將興趣投注於如何利用空間分析技術解決環境管理問題，因此成立宸訊科技，目前公司專心致力於智慧農業與環境污染相關領域之研究","徐承原/空間數據分析推動精準新農業","1","0","23","748641158535005","台灣資料科學愛好者年會","slideshare:author","http://www.slideshare.net/tw_dsconf","Data & Analytics","0","2016-07-17 04:29:24 UTC","23","2","1","","2016-07-17T04:29:24+0000","2016-07-17 04:29:39 UTC","330"
"2016-07-17T06:38:00+0000","1502894619932654_1812518055636974","False","False","73","http://www.slideshare.net/tw_dsconf/ss-64092909","http://www.slideshare.net/tw_dsconf/ss-64092909

專題演講/曾韵/沒有大數據怎麼辦 ? 會計師事務所的小數據科學

曾韵小姐從企業風險管理議題開始投入資訊管理顧問產業，透過營運流程與資料流分析，協助客戶辨識流程間之風險，同時規劃控管流程與預警通報機制，使客戶能有效建立一整套完善的風險管理機制；在舞弊與鑑識調查服務中，協助客戶規劃內部舞弊偵測機制，或者針對懷疑之舞弊情況進行調查，並將相關證物以適當方式進行蒐證協助客戶提供後續訴訟使用。 經過十多年的管理顧問、舞弊偵防分析與數位資料鑑識分析經驗後，她開始思考，在會計師事務所下的風險管理顧問部門，是不是有更多提供客戶資料應用的機會，特別是針對會計師事務所主要面對的金融業、高科技、製造業、零售業等產業客群，透過對產業、流程的了解，將企業內部分散四處的小數據整合起來，發揮最大的數據應用價值。","曾韵/沒有大數據怎麼辦 ? 會計師事務所的小數據科學","23","0","109","748641158535005","台灣資料科學愛好者年會","slideshare:author","http://www.slideshare.net/tw_dsconf","Data & Analytics","0","2016-07-17 04:13:25 UTC","26","3","2","","2016-07-17T04:13:25+0000","2016-07-17 04:14:02 UTC","556"
"2016-07-17T06:37:00+0000","1502894619932654_1812517392303707","False","False","65","http://www.slideshare.net/tw_dsconf/practical-issues-in-machine-learning","http://www.slideshare.net/tw_dsconf/practical-issues-in-machine-learning 

專題演講/林守德/Practical Issues in Machine Learning

Shou-de Lin is currently a full professor in the CSIE department of National Taiwan University. He holds a BS in EE department from National Taiwan University, an MS-EE from the University of Michigan, and an MS in Computational Linguistics and PhD in Computer Science both from the University of Southern California. He leads the Machine Discovery and Social Network Mining Lab in NTU. Before joining NTU, he was a post-doctoral research fellow at the Los Alamos National Lab. Prof. Lin's research includes the areas of machine learning and data mining, social network analysis, and natural language processing. His international recognition includes the best paper award in IEEE Web Intelligent conference 2003, Google Research Award in 2007, Microsoft research award in 2008, merit paper award in TAAI 2010, best paper award in ASONAM 2011, US Aerospace AFOSR/AOARD research award winner for 5 years. He is the all-time winners in ACM KDD Cup, leading or co-leading the NTU team to win 5 championships. He also leads a team to win WSDM Cup 2016 Champion. He has served as the senior PC for SIGKDD and area chair for ACL. He is currently the associate editor for International Journal on Social Network Mining, Journal of Information Science and Engineering, and International Journal of Computational Linguistics and Chinese Language Processing. He receives the Young Scholars' Creativity Award from Foundation for the Advancement of Outstanding Scholarship and Ta-You Wu Memorial Award.","林守德/Practical Issues in Machine Learning","18","0","80","748641158535005","台灣資料科學愛好者年會","slideshare:author","http://www.slideshare.net/tw_dsconf","Data & Analytics","0","2016-07-17 04:08:25 UTC","53","0","6","","2016-07-17T04:08:25+0000","2016-07-17 04:08:50 UTC","508"
"2016-07-17T06:33:00+0000","1502894619932654_1812518955636884","False","False","58","http://www.slideshare.net/tw_dsconf/feature-engineering-in-machine-learning","http://www.slideshare.net/tw_dsconf/feature-engineering-in-machine-learning

專題演講/李俊良/Feature Engineering in Machine Learning

李俊良於 2012 年與 2013 年於臺灣大學資訊工程系取得學士與碩士學位，目前就讀於卡內基美隆大學機器學習系博士班。研究方向包含機器學習的理論與實際應用，並曾於 2011 年與 2013 年贏得 KDD Cup 冠軍。","李俊良/Feature Engineering in Machine Learning","17","0","64","748641158535005","台灣資料科學愛好者年會","slideshare:author","http://www.slideshare.net/tw_dsconf","Data & Analytics","0","2016-07-17 04:17:15 UTC","38","0","2","","2016-07-17T04:17:15+0000","2016-07-17 04:17:36 UTC","554"
"2016-07-17T05:52:00+0000","1502894619932654_1812515622303884","False","False","81","http://www.slideshare.net/tw_dsconf/ss-64092823","http://www.slideshare.net/tw_dsconf/ss-64092823 

專題演講/孔令傑/貓都學得會的手機維修資料分析

孔令傑畢業自臺大資管系、臺大資管所碩士班、加州大學柏克萊分校工業工程與作業研究博士班，現職臺大資管系助理教授。他的研究主要是利用賽局理論與最佳化方法探討各種商管領域的決策問題，包括資訊經濟、平台策略、供應鍊管理、醫療照護管理等等。他在統計與資料分析方面其實是個外行人，不過他喜歡瞭解各種簡單的分析方法，並嘗試利用它們去解決各種問題。","孔令傑/貓都學得會的手機維修資料分析","11","0","97","748641158535005","台灣資料科學愛好者年會","slideshare:author","http://www.slideshare.net/tw_dsconf","Data & Analytics","0","2016-07-17 04:00:12 UTC","27","0","3","","2016-07-17T04:00:12+0000","2016-07-17 04:00:35 UTC","514"
"2016-07-17T05:52:00+0000","1502894619932654_1812516335637146","False","False","55","http://www.slideshare.net/tw_dsconf/the-growth-of-a-data-scientist","http://www.slideshare.net/tw_dsconf/the-growth-of-a-data-scientist

專題演講/李育杰/The Growth of a Data Scientist

李育杰教授於 2001 年於美國威斯康辛大學麥迪遜分校取得電腦科學博士後，回台於中正大學資訊工程系任教一年，轉任臺灣科技大學資訊工程系任教，2016 年二月至交通大學應用數學系擔任教授。2012 年起，於 Intel- 臺大創新研究中心擔任分項計畫主持人。李教授之研究主要在資料科學、資料探勘與機器學習。在過去十多年間，李教授在監督式學習、半監督式學習與非監督式學習 ( 線性 / 非線性維度縮減 ) 等領域中已發展了相當多的有效率的學習演算法，並將其應用於網路入侵偵測、網路異常檢測、惡意網址檢測與合法用戶識別等領域。李教授近年則利用 Online Learning 技術，處理巨量資料、物聯網安全問題與巨量資料之異常檢測需求等問題。","李育杰/The Growth of a Data Scientist","11","0","57","748641158535005","台灣資料科學愛好者年會","slideshare:author","http://www.slideshare.net/tw_dsconf","Data & Analytics","0","2016-07-17 04:04:55 UTC","28","1","0","","2016-07-17T04:04:55+0000","2016-07-17 04:05:17 UTC","322"
"2016-07-17T03:57:09+0000","1502894619932654_1812514638970649","False","False","32","http://www.slideshare.net/tw_dsconf/its-not-what-you-say-its-how-you-say-it","http://www.slideshare.net/tw_dsconf/its-not-what-you-say-its-how-you-say-it 

專題演講/江振宇/It's Not What You Say: It's How You Say It!

Chen-Yu Chiang was born in Taipei, Taiwan, in 1980. He received the B.S., M.S., Ph.D. degrees in communication engineering from National Chiao Tung University (NCTU), Hsinchu, Taiwan, in 2002, 2004, and 2009, respectively. In 2009, he was a Postdoctoral Fellow at the Department of Electrical Engineering, NCTU, where he primarily worked on prosody modeling for automatic speech recognition and text-to-speech system, under the guidance of Prof. Sin-Horng Chen. In 2012, he was a Visiting Scholar at the Center for Signal and Image Processing (CSIP), Georgia Institute of Technology, Atlanta. Currently he is the director of the Speech and Multimedia Signal Processing Lab and an assistant professor at the Department of Communication Engineering, National Taipei University. His main research interests are in speech processing, in particular prosody modeling, automatic speech recognition and text-to-speech systems.","江振宇/It's Not What You Say: It's How You Say It!","9","0","34","748641158535005","台灣資料科學愛好者年會","slideshare:author","http://www.slideshare.net/tw_dsconf","Data & Analytics","0","2016-07-17 03:55:15 UTC","13","0","0","","2016-07-17T03:55:15+0000","2016-07-17 03:56:04 UTC","173"
"2016-07-17T03:54:00+0000","1502894619932654_1812514175637362","False","False","51","http://www.slideshare.net/tw_dsconf/ss-64092758","http://www.slideshare.net/tw_dsconf/ss-64092758

專題演講/闕嘉宏/我在智慧交通資料解析的失敗歷程

闕嘉宏博士為創代科技創辦人兼執行者，並擔任多方公私部門數據分析顧問要職；擅長應用 3G/4G 電信、電子票證交易、 eTag 數據進行智慧城市發展、公共運輸建設等策略分析；積極參與自由軟體開發活動，包含台灣微軟，交通部、資策會，運輸學會等。代表作品包含國家級空運、軌道、公路運輸之資料模型設計者；雙北市聯合應用票證數據解析智慧城市策略等。","闕嘉宏/我在智慧交通資料解析的失敗歷程","12","0","53","748641158535005","台灣資料科學愛好者年會","slideshare:author","http://www.slideshare.net/tw_dsconf","Data & Analytics","0","2016-07-17 03:52:44 UTC","30","2","3","","2016-07-17T03:52:44+0000","2016-07-17 03:52:56 UTC","463"
"2016-07-17T03:43:00+0000","1502894619932654_1812455042309942","False","False","97","http://www.slideshare.net/tw_dsconf/ss-64091204","http://www.slideshare.net/tw_dsconf/ss-64091204 

專題演講/李宏毅/當語音處理遇上深度學習

李宏毅，現為臺大電機系助理教授，他的研究方向與興趣是以機器學習技術讓機器辨識並理解語音訊號的內容。以深度學習技術為基石，他正致力於語音數位內容搜尋、語音數位內容之自動化組織以及從語音數位內容擷取關鍵資訊等前瞻性研究，這些技術有很多的應用，例如：人機互動、問答系統、智慧型線上教學平台等等。他曾在臺大開設和深度學習相關的課程「機器學習及其深層與結構化」。","李宏毅/當語音處理遇上深度學習","25","0","105","748641158535005","台灣資料科學愛好者年會","slideshare:author","http://www.slideshare.net/tw_dsconf","Data & Analytics","0","2016-07-17 00:24:19 UTC","63","1","5","","2016-07-17T00:24:19+0000","2016-07-17 00:24:52 UTC","606"
"2016-07-17T03:01:00+0000","1502894619932654_1812453678976745","False","False","61","http://www.slideshare.net/tw_dsconf/ss-64091174","http://www.slideshare.net/tw_dsconf/ss-64091174  

專題演講/楊奕軒/音樂資料檢索

Yi-Hsuan Yang is an Associate Research Fellow with Academia Sinica. He received his Ph.D. degree in Communication Engineering from National Taiwan University in 2010, and became an Assistant Research Fellow in Academia Sinica in 2011. He is also an Adjunct Associate Professor with the National Tsing Hua University, Taiwan. His research interests include music information retrieval, machine learning and affective computing. Dr. Yang was a recipient of the 2011 IEEE Signal Processing Society (SPS) Young Author Best Paper Award, the 2012 ACM Multimedia Grand Challenge First Prize, and the 2014 Ta-You Wu Memorial Research Award of the Ministry of Science and Technology, Taiwan. He is an author of the book Music Emotion Recognition (CRC Press 2011) and a tutorial speaker on music affect recognition in the International Society for Music Information Retrieval Conference (ISMIR 2012). In 2014, he served as a Technical Program Co-chair of ISMIR, and a Guest Editor of the IEEE Transactions on Affective Computing and the ACM Transactions on Intelligent Systems and Technology.","楊奕軒/音樂資料檢索","9","0","62","748641158535005","台灣資料科學愛好者年會","slideshare:author","http://www.slideshare.net/tw_dsconf","Data & Analytics","0","2016-07-17 00:18:19 UTC","38","1","3","","2016-07-17T00:18:19+0000","2016-07-17 00:18:35 UTC","410"
"2016-07-17T02:59:00+0000","1502894619932654_1812436038978509","False","False","76","http://www.slideshare.net/tw_dsconf/crowd-computing-for-big-and-deep-ai","http://www.slideshare.net/tw_dsconf/crowd-computing-for-big-and-deep-ai

專題演講/許永真/Crowd Computing for Big and Deep AI

Jane Hsu is a professor and department chair of Computer Science and Information Engineering at National Taiwan University. Her research interests include multi-agent systems, intelligent data analysis, commonsense knowledge, and context-aware computing. Prof. Hsu is the director of the Intel-NTU Connected Context Computing Center, featuring global research collaboration among NTU, Intel, and the National Science Council of Taiwan. She serves on the editorial board of Journal of Information Science and Engineering (2010-), International Journal of Service Oriented Computing and Applications (Springer, 2007-2009) and Intelligent Data Analysis (Elsevier/IOS Press, 1997-2002). She is actively involved in many key international AI conferences as organizers and members of the program committee. In addition to serving as the President of Taiwanese Association for Artificial Intelligence (2013-2014), Prof. Hsu has been a member of AAAI, IEEE, ACM, Phi Tau Phi, and an executive committee member of the IEEE Technical Committee on E-Commerce (2000) and TAAI (2004-current).","許永真/Crowd Computing for Big and Deep AI","16","0","89","748641158535005","台灣資料科學愛好者年會","slideshare:author","http://www.slideshare.net/tw_dsconf","Data & Analytics","0","2016-07-16 23:55:53 UTC","90","1","6","","2016-07-16T23:55:53+0000","2016-07-16 23:56:12 UTC","597"
"2016-07-17T02:58:00+0000","1502894619932654_1812450055643774","False","False","33","http://www.slideshare.net/tw_dsconf/ss-64091012","http://www.slideshare.net/tw_dsconf/ss-64091012

專題演講/林峰正/智慧型工程管考系統 : 資料分析經驗談

林峰正服務於逢甲大學地理資訊系統研究中心研究副教授，研究主題包含雲端運算、時空資料視覺化分析、商業智慧、排程理論，目前執行科技部、水保局、水利署、國家太空中心雲端相關研發及系統建置計畫，另外，協助翻譯雲端巨量資料分析相關兩本重要書籍，包含 HBase 技術手冊第一版、 Hadoop 技術手冊第四版 (即將出版)。","林峰正/智慧型工程管考系統 : 資料分析經驗談","8","0","34","748641158535005","台灣資料科學愛好者年會","slideshare:author","http://www.slideshare.net/tw_dsconf","Data & Analytics","0","2016-07-16 23:59:46 UTC","33","0","2","","2016-07-16T23:59:46+0000","2016-07-17 00:00:08 UTC","273"
"2016-07-17T01:49:00+0000","1502894619932654_1812473972308049","False","False","47","http://www.slideshare.net/tw_dsconf/ss-64091657","http://www.slideshare.net/tw_dsconf/ss-64091657

專題演講/彭盛韶/公私協力的公共服務 - 以資料面詮釋

彭盛韶任職於臺北市政府資訊局，主責智慧城市及開放資料。因本身兼具資訊專業及具有任職於公部門之經驗，專長為跨域協調及整合資源。2016 年資訊局兩項重大計畫「空氣盒子」及「LoRa 物聯網實驗平台」，皆有參與及貢獻。在資料科學領域主要貢獻為整合公部門及私部門，產生出各類應用所需之資料。","彭盛韶/公私協力的公共服務 - 以資料面詮釋","8","0","48","748641158535005","台灣資料科學愛好者年會","slideshare:author","http://www.slideshare.net/tw_dsconf","Data & Analytics","0","2016-07-17 01:30:17 UTC","40","1","2","","2016-07-17T01:30:17+0000","2016-07-17 01:30:49 UTC","346"
"2016-07-17T01:44:14+0000","1502894619932654_1812475652307881","False","False","115","http://www.slideshare.net/tw_dsconf/ss-64091725","http://www.slideshare.net/tw_dsconf/ss-64091725

專題演講/孫民/從電腦視覺看人工智慧 : 下一件大事

孫民博士目前任教於國立清華大學電機系，他畢業於國立交通大學電子工程學系後，取得史坦福電機碩士、密西根安雅堡電機系統組博士、以及西雅圖華盛頓大學計算機工程博士後的經歷。他的研究興趣在電腦視覺、機器學習、以及人機互動領域，近年來基於深度學習在電腦視覺的突破，他致力於開發橫跨人工智慧不同子領域的系統，如自動影片文字描述 ( 視覺 x 自然語言 )、以及與人類行為互動的智慧機器 ( 視覺 x 控制 )。

欲瞭解孫博士的研究，請瀏覽他的個人網頁http://aliensunmin.github.io。","孫民/從電腦視覺看人工智慧 : 下一件大事","41","0","145","748641158535005","台灣資料科學愛好者年會","slideshare:author","http://www.slideshare.net/tw_dsconf","Data & Analytics","0","2016-07-17 01:42:06 UTC","61","1","11","","2016-07-17T01:42:06+0000","2016-07-17 01:42:26 UTC","1010"
"2016-07-17T01:43:00+0000","1502894619932654_1812434495645330","False","False","86","http://www.slideshare.net/tw_dsconf/ss-64090957","http://www.slideshare.net/tw_dsconf/ss-64090957

專題演講/林煜軒/從手機解讀行為與心理

林煜軒博士為國內少數兼具臨床、企業界資歷之精神科醫師，已發表 28 篇學術論文於國際期刊 (H index=8)，其中值班實習醫師之生理訊號研究成果於最具權威教科書《睡眠醫學原理與實務》網站專題報導；立法院、監察院探討醫師工時之公聽會、座談會均援引林醫師團隊之研究成果。

林醫師曾任職臺大精神部，近年投入網路心理學等多項跨領域研究，致力研發雲端健康服務的手機程式 (App)、編製「智慧型手機成癮量表」，獲得多國學者要求授權翻譯。近期受邀編寫國際知名網路成癮教科書中「智慧型手機成癮」章節。並積極建立產學合作平台，協助政府部門研擬相關政策","林煜軒…œ/從手機解讀行為與心理","30","0","109","748641158535005","台灣資料科學愛好者年會","slideshare:author","http://www.slideshare.net/tw_dsconf","Data & Analytics","0","2016-07-16 23:51:43 UTC","46","2","4","","2016-07-16T23:51:43+0000","2016-07-16 23:52:25 UTC","665"
"2016-07-17T01:02:00+0000","1502894619932654_1812432735645506","False","False","29","http://www.slideshare.net/tw_dsconf/mobility-on-demand-for-future-cities","http://www.slideshare.net/tw_dsconf/mobility-on-demand-for-future-cities

專題演講/鄭世昐/未來城市的任意門 (Mobility on Demand for Future Cities)

Shih-Fen Cheng is Associate Professor of Information Systems and Deputy Director of the Fujitsu-SMU Urban Computing and Engineering Corp Lab at the Singapore Management University. He received his Ph.D. degree in industrial and operations engineering from the University of Michigan, Ann Arbor, and B.S.E. degree in mechanical engineering from the National Taiwan University.

His research focuses on the modeling and optimization of complex systems in engineering and business domains. He is particularly interested in the application areas of transportation, computational markets, and human decision-making. He is a member of INFORMS, AAAI, and IEEE, and serves as Area Editor for Electronic Commerce Research and Applications.","鄭世昐/未來城市的任意門 (Mobility on Demand for Future Cities)","8","0","31","748641158535005","台灣資料科學愛好者年會","slideshare:author","http://www.slideshare.net/tw_dsconf","Data & Analytics","0","2016-07-16 23:42:37 UTC","50","0","3","","2016-07-16T23:42:37+0000","2016-07-16 23:43:09 UTC","479"
"2016-07-17T01:01:00+0000","1502894619932654_1812433398978773","False","False","118","http://www.slideshare.net/tw_dsconf/ss-64090916","http://www.slideshare.net/tw_dsconf/ss-64090916

專題演講/李祈均/人類行為訊號處理 : 跨學科 (醫療、教育、心理) 應用實例分享、心得、展望

李祈均博士目前是國立清華大學電機系的助理教授。他的研究專長在於運用及開發訊號處理及機器學習技術進行跨領域研究，尤其是在對人類行為進行分析、預測、及統計建模。他長期著墨在運用不同種類的資料檔 ( 文字、聲音、影像等等 ) 於醫療、教育、心理領域研發相關演算法。他曾是 ID Analytics 公司旗下的 id:a lab 的資料科學家，透過分析客戶信用申請函資訊進行金融信用產品之研發與開發。目前在清大跟榮總、國家衛生研究院、長庚醫院、臺大醫院、及國家教育研究院等機構合作研究對人類情緒，教育演講，及醫療臨床行為進行量化建模及客觀辨識。","李祈均/人類行為訊號處理 : 跨學科 (醫療、教育、心理) 應用實例分享、心得、展望","28","0","161","748641158535005","台灣資料科學愛好者年會","slideshare:author","http://www.slideshare.net/tw_dsconf","Data & Analytics","0","2016-07-16 23:47:20 UTC","53","3","2","","2016-07-16T23:47:20+0000","2016-07-16 23:47:43 UTC","528"
"2016-07-16T08:38:00+0000","1502894619932654_1812132829008830","False","False","78","http://www.slideshare.net/tw_dsconf/ss-64078404","http://www.slideshare.net/tw_dsconf/ss-64078404

專題演講/莊坤達/資料科學與防疫應用的結合 : 以登革熱防治為例

傳染病的防治是人類社會一直以來的挑戰課題。在台灣，每年幾乎都會面臨腸病毒，登革熱，流感等人群擴散性高的傳染疫病所帶來的社會，經濟上的損失。在本次演講中，我們將討論 2015 年，在台南市面對嚴峻登革熱爆發時，所面臨的醫療問題，政府信任度，及防疫手段上，所遭遇的問題。以及分享在決策層面上，如何透過資料分析的導入，以科學性的探討，協助控制疫情的故事。也將分享並提出資料科學能在防疫問題上的幫忙及未來規劃。","莊坤達/資料科學與防疫應用的結合 : 以登革熱防治為例","15","0","84","748641158535005","台灣資料科學愛好者年會","slideshare:author","http://www.slideshare.net/tw_dsconf","Data & Analytics","0","2016-07-16 06:41:51 UTC","80","1","5","","2016-07-16T06:41:51+0000","2016-07-16 06:42:21 UTC","543"
"2016-07-16T08:37:00+0000","1502894619932654_1812133442342102","False","False","177","http://www.slideshare.net/tw_dsconf/ss-64078610","http://www.slideshare.net/tw_dsconf/ss-64078610

專題演講/周世恩/資料分析前的奏曲 : 談資料收集的挑戰

2012 年開啟了網頁抓取的生涯，先後在臺大工程科學與海洋工程研究所與趨勢科技磨練。2014 年創立 QSearch，在社群數據抓取過程中打開潘朵拉的盒子，希望把揭開的社群趨勢分享給各個產業。數據分析最重要的資料擷取，這幾年來面對許多挑戰，數量大且變化大，各個產業又有不同的資料表達方式，未來將致力於資料擷取系統開發，讓資料分析者無後顧之憂。","周世恩/資料分析前的奏曲 : 談資料收集的挑戰","36","0","198","748641158535005","台灣資料科學愛好者年會","slideshare:author","http://www.slideshare.net/tw_dsconf","Data & Analytics","0","2016-07-16 06:55:49 UTC","98","6","14","","2016-07-16T06:55:49+0000","2016-07-16 06:57:05 UTC","1007"
"2016-07-16T08:37:00+0000","1502894619932654_1812131109009002","False","False","98","http://www.slideshare.net/tw_dsconf/ss-64078333","http://www.slideshare.net/tw_dsconf/ss-64078333

專題演講/黃從仁/心理與行為資料中的因與果

黃從仁畢業於臺灣大學數學系、臺灣大學物理學研究所、波士頓大學認知與神經系統研究所。他的研究專長為應用數理模型與電腦模擬來解釋人類認知行為。目前他的研究團隊致力於使用資訊科技來進行心理學與神經科學的巨量資料研究，在議題上聚焦於社會認知/學習/記憶。研究之外，他曾擔任科羅拉多大學認知科學研究所以及臺灣大學身體心靈文化整合影像研究中心的資訊系統架構師兼管理員。","黃從仁/心理與行為資料中的因與果","18","0","126","748641158535005","台灣資料科學愛好者年會","slideshare:author","http://www.slideshare.net/tw_dsconf","Data & Analytics","0","2016-07-16 06:37:36 UTC","94","2","7","","2016-07-16T06:37:36+0000","2016-07-16 06:38:00 UTC","748"
"2016-07-16T07:52:00+0000","1502894619932654_1812136732341773","False","False","288","https://www.slideshare.net/mobile/muyueh/ss-63976164","https://www.slideshare.net/mobile/muyueh/ss-63976164

專題演講/李慕約&王向榮/如何備料：資料的抓取、清理以及串接

-------------------------------------------------------------

李慕約，公司共同創辦人，提供資料分析、視覺化服務。分析就像炒菜。炒菜重要，買了一堆炒鍋。但炒不出菜不是因為沒鍋，因為炒菜真正難在：決定炒什麼菜、如何處理食材、炒菜技術。市場上很多人在賣各式炒鍋（ 資料軟體 / 平台 /機器 ），我們幫客戶炒菜。
客戶包含：
- 國內三大電信（ 分析客戶訴訟、3D 建築物以及 4G 基地台 ）
- 銀行（ 時間序列分析 ）
- 蔡英文總統（ 視覺化選舉政策 ）
- 世界衛生組織與中國雙年度合作計畫（ 分析 750 家三甲醫院 ）
另協助 Google 香港、世界銀行與新加坡政府，進行資料視覺化課程工作坊。

-------------------------------------------------------------

王向榮，交通大學網路策進會會長，曾任痞客邦產品開發副理，現在為李慕約公司共同創辦人。在 g0v 零時政府曾參與及發起台灣公司資料、求職小幫手、新聞小幫手、開放政治獻金等專案，喜歡爬資料收集資料並使用資料放出資料。","如何備料：資料的抓取、清理以及串接","86","0","459","1117701104958796","muyueh","slideshare:author","http://www.slideshare.net/muyueh","Data & Analytics","0","2016-07-13 07:05:27 UTC","48","4","14","","2016-07-13T07:05:27+0000","2016-07-16 06:05:29 UTC","974"
"2016-07-16T07:52:00+0000","1502894619932654_1812099409012172","False","False","66","http://www.slideshare.net/tw_dsconf/ss-64077120","http://www.slideshare.net/tw_dsconf/ss-64077120

專題演講/陳伶志/自己的空氣品質自己量 : 談參與式環境感測的機會與挑戰

陳伶志，現任中央研究院資訊科學所副研究員。其研究專長為網路感測系統、行動無線網路與社群運算，已發表超過 100 篇的學術論於於國際期刊與研討會。其研究主題多以貼近生活的真實問題為出發點，重要的代表作包含玉山登山追蹤與搜救系統、大臺北公車行車舒適度系統，以及近期的微型空氣品質感測系統，該系統目前已與 LASS 網路社群和臺北市政府合作，在全台各地佈建超過 300 個感測站，並且同時收集包含環保署與其他民間社群的感測資料，是目前全台空氣品質感測資料最大的集散中心。","陳伶志/自己的空氣品質自己量 : 談參與式環境感測的機會與挑戰","28","0","78","748641158535005","台灣資料科學愛好者年會","slideshare:author","http://www.slideshare.net/tw_dsconf","Data & Analytics","0","2016-07-16 04:38:25 UTC","79","4","2","","2016-07-16T04:38:25+0000","2016-07-16 04:38:39 UTC","573"
"2016-07-16T06:37:00+0000","1502894619932654_1812095885679191","False","False","156","http://www.slideshare.net/tw_dsconf/ceo-64077007","http://www.slideshare.net/tw_dsconf/ceo-64077007

專題演講/顏汝芳/從薪酬制度讀 CEO 的行為心理學

顏汝芳畢業於臺大數學系、臺大財務金融學系財工組，並於 2013 年於臺大財務金融學系取得博士學位，目前任職於國立臺北大學商學院統計學系助理教授一職。研究方向包含公司理財與銀行放款策略。","顏汝芳/從薪酬制度讀 CEO 的行為心理學","32","0","174","748641158535005","台灣資料科學愛好者年會","slideshare:author","http://www.slideshare.net/tw_dsconf","Data & Analytics","0","2016-07-16 04:23:26 UTC","70","6","4","","2016-07-16T04:23:26+0000","2016-07-17 02:43:54 UTC","1028"
"2016-07-16T05:55:00+0000","1502894619932654_1812093595679420","False","False","259","http://www.slideshare.net/tw_dsconf/ss-64076883","[已修正] 
http://www.slideshare.net/tw_dsconf/ss-64076883?qid=b1fd975a-f4d7-40b2-8979-488aa2af6f31&v=&b=&from_search=1

專題演講/陳宜欣/大數據下的情緒分析

陳宜欣，美國南加州大學資訊科學博士，目前在清華大學資訊工程系任教，自大學與碩士時期在管理學院的薰陶，始終相信：好的科技技術應該蘊涵著人文關懷。帶領來自世界各地的研究團隊成員，致力運用資料分析技術來找出大數據背後的群眾智慧，最近將焦點放在跨語系情緒與心理分析技術。研究之餘，協助實驗教育的照海華德福建校，並執筆人氣部落格『 教書匠的夢想 』。","陳宜欣/大數據下的情緒分析","47","0","357","748641158535005","台灣資料科學愛好者年會","slideshare:author","http://www.slideshare.net/tw_dsconf","Data & Analytics","0","2016-07-16 04:11:24 UTC","56","0","11","","2016-07-16T04:11:24+0000","2016-07-16 08:47:46 UTC","1000"
"2016-07-16T05:54:00+0000","1502894619932654_1812095182345928","False","False","234","http://www.slideshare.net/tw_dsconf/2-64076950","http://www.slideshare.net/tw_dsconf/2-64076950

專題演講/吳牧恩/一個賭徒的告白 2：交易策略建構與分析，為何你該賭小一點？

吳牧恩教授為數理背景出身、資工博士畢業，其研究領域包括資訊理論與金融資料分析。現為東吳大學數學系助理教授，致力於推廣資金管理的數學與研發金融交易策略，期望破除市場上大眾追求穩賺聖盃的迷思。其亦為知名財金部落格幣圖誌 (Bituzi) 專欄作家 -- 牧清華。","吳牧恩/一個賭徒的告白 2：交易策略建構與分析，為何你該賭小一點？","55","0","353","748641158535005","台灣資料科學愛好者年會","slideshare:author","http://www.slideshare.net/tw_dsconf","Data & Analytics","0","2016-07-16 04:18:01 UTC","63","0","13","","2016-07-16T04:18:01+0000","2016-07-16 04:18:49 UTC","1003"
"2016-07-16T04:04:26+0000","1502894619932654_1812092002346246","False","False","119","http://www.slideshare.net/tw_dsconf/ss-64076799","http://www.slideshare.net/tw_dsconf/ss-64076799

專題演講/王晉元/數據分析在運輸管理之應用

王晉元博士，目前任職於國立交通大學運輸與物流管理學系，曾擔任過交通大學運輸研究中心主任與運輸與物流管理學系系主任。王教授的專長在於智慧型運輸系統，尤其專精公共運輸、運輸資訊、與商車營運。近幾年致力於分析透過智慧型運輸分析所收集到的資料，特別是公共運輸車輛與計程車的相關資料。","王晉元…ƒ/數據分析在運輸管理之應用","20","0","137","748641158535005","台灣資料科學愛好者年會","slideshare:author","http://www.slideshare.net/tw_dsconf","Data & Analytics","0","2016-07-16 04:02:16 UTC","86","0","10","","2016-07-16T04:02:16+0000","2016-07-16 04:03:09 UTC","562"
"2016-07-16T03:59:30+0000","1502894619932654_1812090559013057","False","False","153","http://www.slideshare.net/tw_dsconf/ss-64076745","http://www.slideshare.net/tw_dsconf/ss-64076745

專題演講/謝宗震/隨機對照實驗在公共領域的應用

謝宗震，DSP 智庫驅動資料科學家，清華統計博士，對於統計方法與工具的推廣具有極大的熱忱，期望利用統計思維及分析工具幫助各個領域解決問題。輔導超過 300 位政府、企業、非營利組織人士成為資料分析人才。 Data for Social Good (D4SG) 計畫共同發起人，打造一個「資料力，做公益」的交流與媒合平台。","謝宗震/隨機對照實驗在公共領域的應用","36","0","198","748641158535005","台灣資料科學愛好者年會","slideshare:author","http://www.slideshare.net/tw_dsconf","Data & Analytics","0","2016-07-16 03:55:43 UTC","88","0","10","","2016-07-16T03:55:43+0000","2016-07-16 03:56:50 UTC","752"
"2016-07-16T03:51:02+0000","1502894619932654_1812087589013354","False","False","131","http://www.slideshare.net/tw_dsconf/ss-64076685","http://www.slideshare.net/tw_dsconf/ss-64076685

專題演講/余致緯/用數據解決都會城市的停車問題

余致緯 (Ronald) 畢業於臺大電子工程所，目前為停車大聲公創辦人暨執行長。喜歡打球、看球、玩所有的體育活動，看書與打2K是閒暇之餘最愛做的活動。學生時代共同創辦圖像辨識引擎 CliPcik，於 IDEAS SHOW 上獲獎，代表台灣參加BDash及Boston Startup Challenge。 CliPick 專注於圖像辨識，並提供女性網購消費者更快更便捷的方式搜尋想要的服裝款式。之後，Ronald 加入 Gogolook 團隊並擔任事業總監，負責 Whoscall 於香港、印度、東南亞的事業開發與產品推廣。任職期間，成功拓展 Whoscall 於台灣、韓國以外海外用戶，讓 Whoscall 日活躍用戶成長超過 30%。同時，主導 Whoscall 與香港競爭對手小熊來電併購案，協助 Gogolook 團隊拓展香港市場。於2015年，Ronald 再次創業，創辦呼叫阿福 (Alfred) 的即時泊車服務，於2015年轉型專注經營停車大聲公。停車大聲公服務車主找到周遭有空車位的停車場，目前為台灣最大的停車應用程式。","余致緯/用數據解決都會城市的停車問題","33","0","153","748641158535005","台灣資料科學愛好者年會","slideshare:author","http://www.slideshare.net/tw_dsconf","Data & Analytics","0","2016-07-16 03:47:52 UTC","120","2","13","","2016-07-16T03:47:52+0000","2016-07-16 03:48:54 UTC","836"
"2016-07-16T03:44:11+0000","1502894619932654_1812086225680157","False","False","216","http://www.slideshare.net/tw_dsconf/riot-games-head-of-data-science","http://www.slideshare.net/tw_dsconf/riot-games-head-of-data-science

專題演講/李仁傑/Data Science at Riot Games

李仁傑，畢業於中國科學技術大學少年班, 美國 University of Rochester 博⼠。現為 Riot Games 數據科學總負責人。致力於通過開發創新的數據產品來提高用戶的體驗，甚至人類的生活。從無到有建立了Riot Games Data Science 部門, 帶領團隊從《英雄聯盟》的海量數據平台中用大數據分析大規模提升商業決策和運營效率, 並用機器學習算法開發了精細化運營, 精準分析預測, 個性化推薦, 自然語⾔處理等各種全球領先的數據產品。","李仁杰/ Riot Games Head of Data Science","49","0","357","748641158535005","台灣資料科學愛好者年會","slideshare:author","http://www.slideshare.net/tw_dsconf","Data & Analytics","0","2016-07-16 03:39:50 UTC","82","4","11","","2016-07-16T03:39:50+0000","2016-07-16 03:40:21 UTC","1009"
"2016-07-15T01:53:29+0000","1502894619932654_1811656299056483","False","False","1037","http://www.slideshare.net/tw_dsconf/ss-62245351","http://www.slideshare.net/tw_dsconf/ss-62245351

感謝台大電機李宏毅教授慷慨分享他今天在 2016 台灣資料科學年會前導課程「一天搞懂深度學習」的近三百頁完整投影片。:)

深度學習 ( Deep Learning ) 是機器學習 ( Machine Learning ) 中近年來備受重視的一支，深度學習根源於類神經網路 ( Artificial Neural Network ) 模型，但今日深度學習的技術和它的前身已截然不同，目前最好的語音辨識和影像辨識系統都是以深度學習技術來完成，你可能在很多不同的場合聽過各種用深度學習做出的驚人應用 ( 例如：最近紅遍大街小巷的 AlphaGo )，聽完以後覺得心癢癢的，想要趕快使用這項強大的技術，卻不知要從何下手學習，那這門課就是你所需要的。

李宏毅博士現為台大電機系助理教授，他的研究方向與興趣是以機器學習技術讓機器辨識並理解語音訊號的內容。以深度學習技術為基石，他正致力於語音數位內容搜尋、語音數位內容之自動化組織以及從語音數位內容擷取關鍵資訊等前瞻性研究，這些技術有很多的應用，例如：人機互動、問答系統、智慧型線上教學平台等等。他曾在台大開設和深度學習相關的課程「機器學習及其深層與結構化」。","一天搞懂深度學習","421","0","4511","748641158535005","台灣資料科學愛好者年會","slideshare:author","http://www.slideshare.net/tw_dsconf","Data & Analytics","5","2016-05-21 01:40:39 UTC","2504","273","1058","","2016-05-21T01:40:39+0000","2016-07-15 01:53:03 UTC","43034"
"2016-04-23T02:07:18+0000","1502894619932654_1779001712321942","False","False","439","http://www.slideshare.net/tw_dsconf/ss-61255961","謝謝 陳維超 博士慷慨分享他今天在「視訊訊號處理與深度學習應用」課程上的完整簡報。

自動車是怎麼樣理解周遭的環境的？谷歌到底是怎麼快速找出我要的照片？波士頓的警方是怎麼找到馬拉松爆炸嫌疑犯的？這些都是由分析大量的照片與影音資料而來的。而這些視訊資料，不但資料量大，由電腦判讀更是不易，因此需要的技術與工具也相當的廣泛，從一開始的資料清理與判讀、抽象化資料萃取，和後端的視訊資料庫索引建立與查找，每一項都是極大的研究課題。深度學習技術之演進，更將其與所需之運算能量推升到空前的境界。

在這一天的課程裡，我們集合了電腦視覺的概念簡介、多媒體資料的分類與檢索方式、深度學習於視訊資料的應用與挑戰、與加速這些技術的 GPU 平行算運算平台等，期由分析單筆視訊資料開始，深入淺出地引領您進入視訊資料的抽象美麗世界。最後的實作課程，並將介紹實際的 IoT 應用例，與實作所需之程式工具等，為理論與實務並重的安排。

完整課程介紹：
http://datasci.tw/event/vision_and_learning/

完整簡報網址：
http://www.slideshare.net/tw_dsconf/ss-61255961","視訊訊號處理與深度學習應用","202","0","835","748641158535005","台灣資料科學愛好者年會","slideshare:author","http://www.slideshare.net/tw_dsconf","Data & Analytics","1","2016-04-23 01:44:10 UTC","755","479","110","","2016-04-23T01:44:10+0000","2016-04-23 04:34:56 UTC","8626"
"2016-03-26T01:54:43+0000","1502894619932654_1766329000255880","False","False","452","http://www.slideshare.net/tw_dsconf/ss-60041639","http://www.slideshare.net/tw_dsconf/ss-60041639

今天早上的台灣資料科學愛好者年會系列活動「資料視覺化之理論、賞析與實作」由台大土木系教授康仕仲教授主講，約有三百五十位資料科學愛好者們參加。。這場演講的目的在於透過各種視覺化的呈現，能讓大家快速從資料中快速判讀，發現關鍵問題。也幫助跨領域的溝通，以圖像式的方式，說明、探索與分析資料背後的意義，提昇決策的效率與品質。

康教授慷慨地將投影片完整地公開方式分享給所有的資料科學同好們，讓現場聽眾可以一邊聽講一邊閱讀，也讓今天無法來參加的同好們能夠遠端賞析。","資料視覺化之理論、賞析與實作","130","0","1340","748641158535005","台灣資料科學愛好者年會","slideshare:author","http://www.slideshare.net/tw_dsconf","Data & Analytics","0","2016-03-26 01:49:44 UTC","958","1515","222","","2016-03-26T01:49:44+0000","2016-03-26 05:27:36 UTC","16063"
"2016-01-23T08:46:09+0000","1502894619932654_1741943819361065","False","False","416","http://www.slideshare.net/swchen11/ss-52517363","雖然今天 8 度超低溫，但大家非常熱情，座無虛席，350 位一起到場聽講，與講師陳昇瑋博士、與談人氣象達人彭啟明總經理、威瑞特公司邱銘彰技術長熱烈交流，氣氛溫暖！

謝謝陳博士公開分享 600 頁活動簡報，會後歡迎至台灣資料科學愛好者交流區交流哦。 : )

http://www.slideshare.net/swchen11/ss-52517363","台灣資料科學愛好者年會","72","0","829","10151012746498860","Sheng-Wei (Kuan-Ta) Chen","slideshare:author","http://www.slideshare.net/swchen11","Data & Analytics","0","2015-09-08 02:05:04 UTC","1063","13746","168","","2015-09-08T02:05:04+0000","2016-04-23 14:17:04 UTC","25529"
"2016-01-12T02:09:42+0000","1502894619932654_1738333989722048","False","False","150","http://www.slideshare.net/tw_dsconf/computer-vision-crash-course-56934508","http://www.slideshare.net/tw_dsconf/computer-vision-crash-course-56934508

今天早上的台灣資料科學愛好者年會系列活動「電腦視覺一二三」由 UIUC 黃嘉斌先生主講，約有三百位資料科學愛好者們參加。。這場演講的目的在於介紹電腦視覺中的基本觀念和核心技術，透過大量實際的範例幫助大家快速了解這些技術如何被應用在日常生活中，以期讓聽眾有效率地了解這個領域，最新的發展以及未來展望。

黃嘉斌先生（預計今年五月拿到 UIUC 博士學位）很慷慨地將投影片完整地以「姓名標示-非商業性-相同方式分享」 方式分享給所有的資料科學同好們。我們也在此謝謝他。:)","Computer Vision Crash Course","22","0","355","748641158535005","台灣資料科學愛好者年會","slideshare:author","http://www.slideshare.net/tw_dsconf","Technology","1","2016-01-12 01:45:02 UTC","402","527","79","","2016-01-12T01:45:02+0000","2016-01-12 01:48:40 UTC","7990"
"2016-01-02T03:26:42+0000","1502894619932654_1735055546716559","False","False","277","http://www.slideshare.net/tw_dsconf/tensorflow-tutorial","http://www.slideshare.net/tw_dsconf/tensorflow-tutorial

感謝 Google Brain 邱中鎮博士在 2015/12/29 分享給八百位資料科學同好們的精采演講。因為公司的規定，邱博士只能公開分享下半段演講關於 TensorFlow 的投影片，請大家見諒。

關於此次分享活動的資訊請見 http://datasci.tw/event/google_deep_learning","Google TensorFlow Tutorial","73","0","608","748641158535005","台灣資料科學愛好者年會","slideshare:author","http://www.slideshare.net/tw_dsconf","Technology","2","2016-01-02 03:16:49 UTC","1086","574","180","","2016-01-02T03:16:49+0000","2016-01-02 03:20:17 UTC","22635"
"2015-12-12T01:41:12+0000","1502894619932654_1727936387428475","False","False","460","http://www.slideshare.net/tw_dsconf/ss-56071386","http://www.slideshare.net/tw_dsconf/ss-56071386
http://datasci.tw/event/machine_learning/

台灣資料科學愛好者年會系列活動「機器學習速遊」(2015/12/12) 的投影片同步開放線上下載 by 台大資工林軒田教授。","機器學習速遊","122","0","1002","748641158535005","台灣資料科學愛好者年會","slideshare:author","http://www.slideshare.net/tw_dsconf","Data & Analytics","0","2015-12-12 01:24:43 UTC","901","295","151","","2015-12-12T01:24:43+0000","2015-12-12 01:25:36 UTC","11439"
